Device,DeviceDatetime,ActualHumidity,ActualTemp,Controller,DeviceTimestamp,DeviceType,Division
AC233FA3D9EC,2025-02-26 00:00:02+09:00,33.76953125,18.83984375,Mutsu01,1.7405E+12,Temp,MUTS-Dining
AC233FA3D95B,2025-02-26 00:00:03+09:00,37.20703125,17.44921875,Mutsu01,1.7405E+12,Temp,MUTS-Dining
00246B0006B1,2025-02-26 00:00:31+09:00,45.46,14.36,Mutsu01,1.7405E+12,Temp,MUTS-Flower
00246B0005E9,2025-02-26 00:00:31+09:00,43.01,14.44,Mutsu01,1.7405E+12,Temp,MUTS-Flower
00246B00064D,2025-02-26 00:00:32+09:00,39.58,13.48,Mutsu01,1.7405E+12,Temp,MUTS-Flower
E3B1ED,2025-02-26 00:00:34+09:00,33.43,20.74,Mutsu01,1.7405E+12,Temp,MUTS-Rest
F5A6CD,2025-02-26 00:00:35+09:00,33.96,18.46,Mutsu01,1.7405E+12,Temp,MUTS-Dining
C6799D,2025-02-26 00:00:37+09:00,33.4,18.28,Mutsu01,1.7405E+12,Temp,MUTS-Dining
00246B0005DF,2025-02-26 00:00:40+09:00,43.61,13.63,Mutsu01,1.7405E+12,Temp,MUTS-Flower
00246B0006A7,2025-02-26 00:00:40+09:00,43.69,14.27,Mutsu01,1.7405E+12,Temp,MUTS-Flower
AC233FA3D9EC,2025-02-26 00:03:02+09:00,33.7578125,18.828125,Mutsu01,1.7405E+12,Temp,MUTS-Dining
AC233FA3D95B,2025-02-26 00:03:03+09:00,37.19921875,17.4375,Mutsu01,1.7405E+12,Temp,MUTS-Dining
00246B0006B1,2025-02-26 00:03:31+09:00,45.42,14.34,Mutsu01,1.7405E+12,Temp,MUTS-Flower
00246B0005E9,2025-02-26 00:03:31+09:00,42.92,14.43,Mutsu01,1.7405E+12,Temp,MUTS-Flower
00246B00064D,2025-02-26 00:03:32+09:00,39.55,13.49,Mutsu01,1.7405E+12,Temp,MUTS-Flower
E3B1ED,2025-02-26 00:03:34+09:00,33.41,20.65,Mutsu01,1.7405E+12,Temp,MUTS-Rest
F5A6CD,2025-02-26 00:03:35+09:00,33.98,18.48,Mutsu01,1.7405E+12,Temp,MUTS-Dining
C6799D,2025-02-26 00:03:37+09:00,33.27,18.27,Mutsu01,1.7405E+12,Temp,MUTS-Dining
00246B0005DF,2025-02-26 00:03:40+09:00,43.5,13.61,Mutsu01,1.7405E+12,Temp,MUTS-Flower
00246B0006A7,2025-02-26 00:03:40+09:00,43.57,14.25,Mutsu01,1.7405E+12,Temp,MUTS-Flower
AC233FA3D9EC,2025-02-26 00:06:02+09:00,33.76953125,18.81640625,Mutsu01,1.7405E+12,Temp,MUTS-Dining
AC233FA3D95B,2025-02-26 00:06:03+09:00,37.20703125,17.45703125,Mutsu01,1.7405E+12,Temp,MUTS-Dining
00246B0006B1,2025-02-26 00:06:31+09:00,45.42,14.35,Mutsu01,1.7405E+12,Temp,MUTS-Flower
00246B0005E9,2025-02-26 00:06:31+09:00,43.02,14.42,Mutsu01,1.7405E+12,Temp,MUTS-Flower
00246B00064D,2025-02-26 00:06:32+09:00,39.56,13.46,Mutsu01,1.7405E+12,Temp,MUTS-Flower
E3B1ED,2025-02-26 00:06:33+09:00,33.55,20.67,Mutsu01,1.7405E+12,Temp,MUTS-Rest
F5A6CD,2025-02-26 00:06:35+09:00,34,18.52,Mutsu01,1.7405E+12,Temp,MUTS-Dining
C6799D,2025-02-26 00:06:37+09:00,33.38,18.26,Mutsu01,1.7405E+12,Temp,MUTS-Dining
00246B0005DF,2025-02-26 00:06:40+09:00,43.52,13.64,Mutsu01,1.7405E+12,Temp,MUTS-Flower
00246B0006A7,2025-02-26 00:06:40+09:00,43.59,14.28,Mutsu01,1.7405E+12,Temp,MUTS-Flower
AC233FA3D9EC,2025-02-26 00:09:02+09:00,33.7890625,18.80859375,Mutsu01,1.7405E+12,Temp,MUTS-Dining
AC233FA3D95B,2025-02-26 00:09:03+09:00,37.1796875,17.41796875,Mutsu01,1.7405E+12,Temp,MUTS-Dining
00246B0006B1,2025-02-26 00:09:31+09:00,45.5,14.36,Mutsu01,1.7405E+12,Temp,MUTS-Flower
00246B0005E9,2025-02-26 00:09:31+09:00,42.89,14.41,Mutsu01,1.7405E+12,Temp,MUTS-Flower
00246B00064D,2025-02-26 00:09:32+09:00,39.57,13.43,Mutsu01,1.7405E+12,Temp,MUTS-Flower
E3B1ED,2025-02-26 00:09:34+09:00,33.54,20.61,Mutsu01,1.7405E+12,Temp,MUTS-Rest
F5A6CD,2025-02-26 00:09:35+09:00,33.95,18.46,Mutsu01,1.7405E+12,Temp,MUTS-Dining
C6799D,2025-02-26 00:09:37+09:00,33.25,18.24,Mutsu01,1.7405E+12,Temp,MUTS-Dining
00246B0005DF,2025-02-26 00:09:40+09:00,43.52,13.62,Mutsu01,1.7405E+12,Temp,MUTS-Flower
00246B0006A7,2025-02-26 00:09:40+09:00,43.61,14.29,Mutsu01,1.7405E+12,Temp,MUTS-Flower
AC233FA3D95B,2025-02-26 00:12:03+09:00,37.1875,17.41796875,Mutsu01,1.7405E+12,Temp,MUTS-Dining
00246B0006B1,2025-02-26 00:12:31+09:00,45.45,14.34,Mutsu01,1.7405E+12,Temp,MUTS-Flower
00246B0005E9,2025-02-26 00:12:31+09:00,42.97,14.45,Mutsu01,1.7405E+12,Temp,MUTS-Flower
00246B00064D,2025-02-26 00:12:32+09:00,39.57,13.45,Mutsu01,1.7405E+12,Temp,MUTS-Flower
E3B1ED,2025-02-26 00:12:34+09:00,33.49,20.55,Mutsu01,1.7405E+12,Temp,MUTS-Rest
F5A6CD,2025-02-26 00:12:35+09:00,33.98,18.47,Mutsu01,1.7405E+12,Temp,MUTS-Dining
C6799D,2025-02-26 00:12:37+09:00,33.26,18.25,Mutsu01,1.7405E+12,Temp,MUTS-Dining
00246B0005DF,2025-02-26 00:12:40+09:00,43.5,13.58,Mutsu01,1.7405E+12,Temp,MUTS-Flower
00246B0006A7,2025-02-26 00:12:40+09:00,43.56,14.27,Mutsu01,1.7405E+12,Temp,MUTS-Flower
AC233FA3D9EC,2025-02-26 00:15:03+09:00,33.77734375,18.7890625,Mutsu01,1.7405E+12,Temp,MUTS-Dining
AC233FA3D95B,2025-02-26 00:15:03+09:00,37.16796875,17.40625,Mutsu01,1.7405E+12,Temp,MUTS-Dining
00246B0006B1,2025-02-26 00:15:31+09:00,45.43,14.32,Mutsu01,1.7405E+12,Temp,MUTS-Flower
00246B0005E9,2025-02-26 00:15:31+09:00,43,14.36,Mutsu01,1.7405E+12,Temp,MUTS-Flower
00246B00064D,2025-02-26 00:15:32+09:00,39.62,13.43,Mutsu01,1.7405E+12,Temp,MUTS-Flower
E3B1ED,2025-02-26 00:15:34+09:00,33.54,20.54,Mutsu01,1.7405E+12,Temp,MUTS-Rest
F5A6CD,2025-02-26 00:15:35+09:00,34,18.46,Mutsu01,1.7405E+12,Temp,MUTS-Dining
C6799D,2025-02-26 00:15:37+09:00,33.39,18.26,Mutsu01,1.7405E+12,Temp,MUTS-Dining
00246B0005DF,2025-02-26 00:15:39+09:00,43.55,13.61,Mutsu01,1.7405E+12,Temp,MUTS-Flower
00246B0006A7,2025-02-26 00:15:40+09:00,43.62,14.26,Mutsu01,1.7405E+12,Temp,MUTS-Flower
AC233FA3D9EC,2025-02-26 00:18:03+09:00,33.77734375,18.7890625,Mutsu01,1.7405E+12,Temp,MUTS-Dining
AC233FA3D95B,2025-02-26 00:18:04+09:00,37.1796875,17.3984375,Mutsu01,1.7405E+12,Temp,MUTS-Dining
00246B0006B1,2025-02-26 00:18:31+09:00,45.5,14.34,Mutsu01,1.7405E+12,Temp,MUTS-Flower
00246B0005E9,2025-02-26 00:18:31+09:00,42.97,14.43,Mutsu01,1.7405E+12,Temp,MUTS-Flower
00246B00064D,2025-02-26 00:18:32+09:00,39.59,13.43,Mutsu01,1.7405E+12,Temp,MUTS-Flower
E3B1ED,2025-02-26 00:18:34+09:00,33.46,20.49,Mutsu01,1.7405E+12,Temp,MUTS-Rest
F5A6CD,2025-02-26 00:18:35+09:00,34.13,18.43,Mutsu01,1.7405E+12,Temp,MUTS-Dining
C6799D,2025-02-26 00:18:37+09:00,33.22,18.24,Mutsu01,1.7405E+12,Temp,MUTS-Dining
00246B0005DF,2025-02-26 00:18:40+09:00,43.56,13.61,Mutsu01,1.7405E+12,Temp,MUTS-Flower
00246B0006A7,2025-02-26 00:18:40+09:00,43.53,14.27,Mutsu01,1.7405E+12,Temp,MUTS-Flower
AC233FA3D9EC,2025-02-26 00:21:03+09:00,33.80859375,18.77734375,Mutsu01,1.7405E+12,Temp,MUTS-Dining
AC233FA3D95B,2025-02-26 00:21:04+09:00,37.20703125,17.3984375,Mutsu01,1.7405E+12,Temp,MUTS-Dining
00246B0006B1,2025-02-26 00:21:31+09:00,45.5,14.33,Mutsu01,1.7405E+12,Temp,MUTS-Flower
00246B0005E9,2025-02-26 00:21:31+09:00,42.96,14.39,Mutsu01,1.7405E+12,Temp,MUTS-Flower
00246B00064D,2025-02-26 00:21:32+09:00,39.48,13.43,Mutsu01,1.7405E+12,Temp,MUTS-Flower
E3B1ED,2025-02-26 00:21:33+09:00,33.47,20.43,Mutsu01,1.7405E+12,Temp,MUTS-Rest
F5A6CD,2025-02-26 00:21:35+09:00,34.05,18.42,Mutsu01,1.7405E+12,Temp,MUTS-Dining
C6799D,2025-02-26 00:21:37+09:00,33.23,18.21,Mutsu01,1.7405E+12,Temp,MUTS-Dining
00246B0005DF,2025-02-26 00:21:40+09:00,43.58,13.6,Mutsu01,1.7405E+12,Temp,MUTS-Flower
00246B0006A7,2025-02-26 00:21:40+09:00,43.57,14.23,Mutsu01,1.7405E+12,Temp,MUTS-Flower
AC233FA3D9EC,2025-02-26 00:24:03+09:00,33.828125,18.76953125,Mutsu01,1.7405E+12,Temp,MUTS-Dining
AC233FA3D95B,2025-02-26 00:24:04+09:00,37.2265625,17.3984375,Mutsu01,1.7405E+12,Temp,MUTS-Dining
00246B0006B1,2025-02-26 00:24:31+09:00,45.43,14.36,Mutsu01,1.7405E+12,Temp,MUTS-Flower
00246B0005E9,2025-02-26 00:24:31+09:00,42.99,14.38,Mutsu01,1.7405E+12,Temp,MUTS-Flower
00246B00064D,2025-02-26 00:24:32+09:00,39.63,13.46,Mutsu01,1.7405E+12,Temp,MUTS-Flower
E3B1ED,2025-02-26 00:24:34+09:00,33.47,20.44,Mutsu01,1.7405E+12,Temp,MUTS-Rest
F5A6CD,2025-02-26 00:24:35+09:00,33.97,18.44,Mutsu01,1.7405E+12,Temp,MUTS-Dining
C6799D,2025-02-26 00:24:37+09:00,33.33,18.24,Mutsu01,1.7405E+12,Temp,MUTS-Dining
00246B0005DF,2025-02-26 00:24:40+09:00,43.5,13.59,Mutsu01,1.7405E+12,Temp,MUTS-Flower
00246B0006A7,2025-02-26 00:24:40+09:00,43.59,14.23,Mutsu01,1.7405E+12,Temp,MUTS-Flower
AC233FA3D9EC,2025-02-26 00:27:03+09:00,33.84765625,18.76953125,Mutsu01,1.7405E+12,Temp,MUTS-Dining
AC233FA3D95B,2025-02-26 00:27:05+09:00,37.2578125,17.38671875,Mutsu01,1.7405E+12,Temp,MUTS-Dining
00246B0006B1,2025-02-26 00:27:31+09:00,45.47,14.32,Mutsu01,1.7405E+12,Temp,MUTS-Flower
00246B0005E9,2025-02-26 00:27:31+09:00,43.04,14.36,Mutsu01,1.7405E+12,Temp,MUTS-Flower
00246B00064D,2025-02-26 00:27:32+09:00,39.51,13.42,Mutsu01,1.7405E+12,Temp,MUTS-Flower
E3B1ED,2025-02-26 00:27:34+09:00,33.49,20.4,Mutsu01,1.7405E+12,Temp,MUTS-Rest
F5A6CD,2025-02-26 00:27:35+09:00,34.12,18.36,Mutsu01,1.7405E+12,Temp,MUTS-Dining
C6799D,2025-02-26 00:27:37+09:00,33.32,18.21,Mutsu01,1.7405E+12,Temp,MUTS-Dining
00246B0005DF,2025-02-26 00:27:40+09:00,43.5,13.58,Mutsu01,1.7405E+12,Temp,MUTS-Flower
00246B0006A7,2025-02-26 00:27:40+09:00,43.56,14.23,Mutsu01,1.7405E+12,Temp,MUTS-Flower
AC233FA3D9EC,2025-02-26 00:30:03+09:00,33.87890625,18.7578125,Mutsu01,1.7405E+12,Temp,MUTS-Dining
00246B0006B1,2025-02-26 00:30:31+09:00,45.46,14.33,Mutsu01,1.7405E+12,Temp,MUTS-Flower
00246B0005E9,2025-02-26 00:30:31+09:00,42.92,14.38,Mutsu01,1.7405E+12,Temp,MUTS-Flower
00246B00064D,2025-02-26 00:30:32+09:00,39.62,13.38,Mutsu01,1.7405E+12,Temp,MUTS-Flower
E3B1ED,2025-02-26 00:30:34+09:00,33.47,20.32,Mutsu01,1.7405E+12,Temp,MUTS-Rest
F5A6CD,2025-02-26 00:30:35+09:00,33.92,18.4,Mutsu01,1.7405E+12,Temp,MUTS-Dining
C6799D,2025-02-26 00:30:37+09:00,33.3,18.22,Mutsu01,1.7405E+12,Temp,MUTS-Dining
00246B0005DF,2025-02-26 00:30:40+09:00,43.49,13.57,Mutsu01,1.7405E+12,Temp,MUTS-Flower
00246B0006A7,2025-02-26 00:30:40+09:00,43.63,14.21,Mutsu01,1.7405E+12,Temp,MUTS-Flower
AC233FA3D9EC,2025-02-26 00:33:04+09:00,33.90625,18.7578125,Mutsu01,1.7405E+12,Temp,MUTS-Dining
AC233FA3D95B,2025-02-26 00:33:06+09:00,37.30859375,17.38671875,Mutsu01,1.7405E+12,Temp,MUTS-Dining
00246B0006B1,2025-02-26 00:33:31+09:00,45.52,14.36,Mutsu01,1.7405E+12,Temp,MUTS-Flower
00246B0005E9,2025-02-26 00:33:31+09:00,43.06,14.36,Mutsu01,1.7405E+12,Temp,MUTS-Flower
00246B00064D,2025-02-26 00:33:32+09:00,39.54,13.39,Mutsu01,1.7405E+12,Temp,MUTS-Flower
E3B1ED,2025-02-26 00:33:34+09:00,33.52,20.32,Mutsu01,1.7405E+12,Temp,MUTS-Rest
F5A6CD,2025-02-26 00:33:35+09:00,34.12,18.41,Mutsu01,1.7405E+12,Temp,MUTS-Dining
C6799D,2025-02-26 00:33:37+09:00,33.25,18.19,Mutsu01,1.7405E+12,Temp,MUTS-Dining
00246B0005DF,2025-02-26 00:33:40+09:00,43.53,13.59,Mutsu01,1.7405E+12,Temp,MUTS-Flower
00246B0006A7,2025-02-26 00:33:40+09:00,43.51,14.23,Mutsu01,1.7405E+12,Temp,MUTS-Flower
AC233FA3D9EC,2025-02-26 00:36:03+09:00,33.91796875,18.75,Mutsu01,1.7405E+12,Temp,MUTS-Dining
AC233FA3D95B,2025-02-26 00:36:07+09:00,37.31640625,17.37890625,Mutsu01,1.7405E+12,Temp,MUTS-Dining
00246B0006B1,2025-02-26 00:36:31+09:00,45.44,14.27,Mutsu01,1.7405E+12,Temp,MUTS-Flower
00246B0005E9,2025-02-26 00:36:31+09:00,43.02,14.4,Mutsu01,1.7405E+12,Temp,MUTS-Flower
00246B00064D,2025-02-26 00:36:32+09:00,39.6,13.37,Mutsu01,1.7405E+12,Temp,MUTS-Flower
E3B1ED,2025-02-26 00:36:33+09:00,33.56,20.27,Mutsu01,1.7405E+12,Temp,MUTS-Rest
F5A6CD,2025-02-26 00:36:35+09:00,33.92,18.37,Mutsu01,1.7405E+12,Temp,MUTS-Dining
C6799D,2025-02-26 00:36:37+09:00,33.27,18.18,Mutsu01,1.7405E+12,Temp,MUTS-Dining
00246B0005DF,2025-02-26 00:36:39+09:00,43.51,13.59,Mutsu01,1.7405E+12,Temp,MUTS-Flower
00246B0006A7,2025-02-26 00:36:40+09:00,43.54,14.22,Mutsu01,1.7405E+12,Temp,MUTS-Flower
AC233FA3D9EC,2025-02-26 00:39:03+09:00,33.96875,18.73828125,Mutsu01,1.7405E+12,Temp,MUTS-Dining
00246B0006B1,2025-02-26 00:39:31+09:00,45.52,14.32,Mutsu01,1.7405E+12,Temp,MUTS-Flower
00246B0005E9,2025-02-26 00:39:31+09:00,42.98,14.38,Mutsu01,1.7405E+12,Temp,MUTS-Flower
00246B00064D,2025-02-26 00:39:32+09:00,39.56,13.37,Mutsu01,1.7405E+12,Temp,MUTS-Flower
E3B1ED,2025-02-26 00:39:34+09:00,33.44,20.27,Mutsu01,1.7405E+12,Temp,MUTS-Rest
F5A6CD,2025-02-26 00:39:35+09:00,34.18,18.38,Mutsu01,1.7405E+12,Temp,MUTS-Dining
C6799D,2025-02-26 00:39:37+09:00,33.41,18.19,Mutsu01,1.7405E+12,Temp,MUTS-Dining
00246B0005DF,2025-02-26 00:39:40+09:00,43.54,13.58,Mutsu01,1.7405E+12,Temp,MUTS-Flower
00246B0006A7,2025-02-26 00:39:40+09:00,43.55,14.2,Mutsu01,1.7405E+12,Temp,MUTS-Flower
AC233FA3D9EC,2025-02-26 00:42:04+09:00,33.9765625,18.73828125,Mutsu01,1.7405E+12,Temp,MUTS-Dining
AC233FA3D95B,2025-02-26 00:42:07+09:00,37.359375,17.3671875,Mutsu01,1.7405E+12,Temp,MUTS-Dining
00246B0006B1,2025-02-26 00:42:31+09:00,45.43,14.29,Mutsu01,1.7405E+12,Temp,MUTS-Flower
00246B0005E9,2025-02-26 00:42:31+09:00,42.99,14.36,Mutsu01,1.7405E+12,Temp,MUTS-Flower
00246B00064D,2025-02-26 00:42:32+09:00,39.58,13.41,Mutsu01,1.7405E+12,Temp,MUTS-Flower
E3B1ED,2025-02-26 00:42:34+09:00,33.46,20.25,Mutsu01,1.7405E+12,Temp,MUTS-Rest
F5A6CD,2025-02-26 00:42:35+09:00,33.96,18.36,Mutsu01,1.7405E+12,Temp,MUTS-Dining
C6799D,2025-02-26 00:42:37+09:00,33.19,18.16,Mutsu01,1.7405E+12,Temp,MUTS-Dining
00246B0005DF,2025-02-26 00:42:40+09:00,43.54,13.58,Mutsu01,1.7405E+12,Temp,MUTS-Flower
00246B0006A7,2025-02-26 00:42:40+09:00,43.67,14.19,Mutsu01,1.7405E+12,Temp,MUTS-Flower
AC233FA3D9EC,2025-02-26 00:45:03+09:00,34.01953125,18.7578125,Mutsu01,1.7405E+12,Temp,MUTS-Dining
00246B0006B1,2025-02-26 00:45:31+09:00,45.46,14.3,Mutsu01,1.7405E+12,Temp,MUTS-Flower
00246B0005E9,2025-02-26 00:45:31+09:00,42.92,14.3,Mutsu01,1.7405E+12,Temp,MUTS-Flower
00246B00064D,2025-02-26 00:45:32+09:00,39.63,13.41,Mutsu01,1.7405E+12,Temp,MUTS-Flower
E3B1ED,2025-02-26 00:45:34+09:00,33.53,20.22,Mutsu01,1.7405E+12,Temp,MUTS-Rest
F5A6CD,2025-02-26 00:45:35+09:00,34.05,18.35,Mutsu01,1.7405E+12,Temp,MUTS-Dining
C6799D,2025-02-26 00:45:36+09:00,33.22,18.18,Mutsu01,1.7405E+12,Temp,MUTS-Dining
00246B0005DF,2025-02-26 00:45:40+09:00,43.53,13.52,Mutsu01,1.7405E+12,Temp,MUTS-Flower
00246B0006A7,2025-02-26 00:45:40+09:00,43.56,14.19,Mutsu01,1.7405E+12,Temp,MUTS-Flower
AC233FA3D9EC,2025-02-26 00:48:04+09:00,34.02734375,18.70703125,Mutsu01,1.7405E+12,Temp,MUTS-Dining
AC233FA3D95B,2025-02-26 00:48:07+09:00,37.4375,17.33984375,Mutsu01,1.7405E+12,Temp,MUTS-Dining
00246B0006B1,2025-02-26 00:48:31+09:00,45.45,14.27,Mutsu01,1.7405E+12,Temp,MUTS-Flower
00246B0005E9,2025-02-26 00:48:31+09:00,42.95,14.35,Mutsu01,1.7405E+12,Temp,MUTS-Flower
00246B00064D,2025-02-26 00:48:32+09:00,39.6,13.36,Mutsu01,1.7405E+12,Temp,MUTS-Flower
E3B1ED,2025-02-26 00:48:34+09:00,33.59,20.2,Mutsu01,1.7405E+12,Temp,MUTS-Rest
F5A6CD,2025-02-26 00:48:35+09:00,33.93,18.37,Mutsu01,1.7405E+12,Temp,MUTS-Dining
C6799D,2025-02-26 00:48:37+09:00,33.36,18.15,Mutsu01,1.7405E+12,Temp,MUTS-Dining
00246B0005DF,2025-02-26 00:48:40+09:00,43.62,13.54,Mutsu01,1.7405E+12,Temp,MUTS-Flower
00246B0006A7,2025-02-26 00:48:40+09:00,43.51,14.16,Mutsu01,1.7405E+12,Temp,MUTS-Flower
AC233FA3D9EC,2025-02-26 00:51:04+09:00,34.0390625,18.70703125,Mutsu01,1.7405E+12,Temp,MUTS-Dining
AC233FA3D95B,2025-02-26 00:51:08+09:00,37.44921875,17.33984375,Mutsu01,1.7405E+12,Temp,MUTS-Dining
00246B0006B1,2025-02-26 00:51:31+09:00,45.46,14.27,Mutsu01,1.7405E+12,Temp,MUTS-Flower
00246B0005E9,2025-02-26 00:51:31+09:00,43.02,14.33,Mutsu01,1.7405E+12,Temp,MUTS-Flower
00246B00064D,2025-02-26 00:51:32+09:00,39.54,13.35,Mutsu01,1.7405E+12,Temp,MUTS-Flower
E3B1ED,2025-02-26 00:51:33+09:00,33.56,20.16,Mutsu01,1.7405E+12,Temp,MUTS-Rest
F5A6CD,2025-02-26 00:51:35+09:00,34,18.37,Mutsu01,1.7405E+12,Temp,MUTS-Dining
C6799D,2025-02-26 00:51:36+09:00,33.21,18.15,Mutsu01,1.7405E+12,Temp,MUTS-Dining
00246B0005DF,2025-02-26 00:51:40+09:00,43.61,13.54,Mutsu01,1.7405E+12,Temp,MUTS-Flower
00246B0006A7,2025-02-26 00:51:40+09:00,43.52,14.17,Mutsu01,1.7405E+12,Temp,MUTS-Flower
AC233FA3D9EC,2025-02-26 00:54:02+09:00,34.046875,18.69921875,Mutsu01,1.7405E+12,Temp,MUTS-Dining
AC233FA3D95B,2025-02-26 00:54:08+09:00,37.46875,17.33984375,Mutsu01,1.7405E+12,Temp,MUTS-Dining
00246B0006B1,2025-02-26 00:54:31+09:00,45.46,14.25,Mutsu01,1.7405E+12,Temp,MUTS-Flower
00246B0005E9,2025-02-26 00:54:31+09:00,43.05,14.32,Mutsu01,1.7405E+12,Temp,MUTS-Flower
00246B00064D,2025-02-26 00:54:32+09:00,39.6,13.38,Mutsu01,1.7405E+12,Temp,MUTS-Flower
E3B1ED,2025-02-26 00:54:34+09:00,33.44,20.13,Mutsu01,1.7405E+12,Temp,MUTS-Rest
F5A6CD,2025-02-26 00:54:35+09:00,34.06,18.31,Mutsu01,1.7405E+12,Temp,MUTS-Dining
C6799D,2025-02-26 00:54:36+09:00,33.26,18.15,Mutsu01,1.7405E+12,Temp,MUTS-Dining
00246B0005DF,2025-02-26 00:54:40+09:00,43.56,13.56,Mutsu01,1.7405E+12,Temp,MUTS-Flower
00246B0006A7,2025-02-26 00:54:40+09:00,43.55,14.16,Mutsu01,1.7405E+12,Temp,MUTS-Flower
AC233FA3D9EC,2025-02-26 00:57:02+09:00,34.078125,18.69921875,Mutsu01,1.7405E+12,Temp,MUTS-Dining
AC233FA3D95B,2025-02-26 00:57:08+09:00,37.5078125,17.328125,Mutsu01,1.7405E+12,Temp,MUTS-Dining
00246B0006B1,2025-02-26 00:57:31+09:00,45.5,14.28,Mutsu01,1.7405E+12,Temp,MUTS-Flower
00246B0005E9,2025-02-26 00:57:31+09:00,43.08,14.33,Mutsu01,1.7405E+12,Temp,MUTS-Flower
00246B00064D,2025-02-26 00:57:32+09:00,39.53,13.34,Mutsu01,1.7405E+12,Temp,MUTS-Flower
E3B1ED,2025-02-26 00:57:34+09:00,33.62,20.11,Mutsu01,1.7405E+12,Temp,MUTS-Rest
F5A6CD,2025-02-26 00:57:35+09:00,34,18.32,Mutsu01,1.7405E+12,Temp,MUTS-Dining
C6799D,2025-02-26 00:57:36+09:00,33.32,18.14,Mutsu01,1.7405E+12,Temp,MUTS-Dining
00246B0005DF,2025-02-26 00:57:40+09:00,43.52,13.53,Mutsu01,1.7405E+12,Temp,MUTS-Flower
00246B0006A7,2025-02-26 00:57:40+09:00,43.52,14.16,Mutsu01,1.7405E+12,Temp,MUTS-Flower
AC233FA3D9EC,2025-02-26 01:00:02+09:00,34.08984375,18.6875,Mutsu01,1.7405E+12,Temp,MUTS-Dining
AC233FA3D95B,2025-02-26 01:00:08+09:00,37.5390625,17.359375,Mutsu01,1.7405E+12,Temp,MUTS-Dining
00246B0006B1,2025-02-26 01:00:31+09:00,45.46,14.28,Mutsu01,1.7405E+12,Temp,MUTS-Flower
00246B0005E9,2025-02-26 01:00:31+09:00,42.93,14.32,Mutsu01,1.7405E+12,Temp,MUTS-Flower
00246B00064D,2025-02-26 01:00:32+09:00,39.55,13.35,Mutsu01,1.7405E+12,Temp,MUTS-Flower
E3B1ED,2025-02-26 01:00:33+09:00,33.55,20.04,Mutsu01,1.7405E+12,Temp,MUTS-Rest
F5A6CD,2025-02-26 01:00:35+09:00,34.15,18.33,Mutsu01,1.7405E+12,Temp,MUTS-Dining
C6799D,2025-02-26 01:00:37+09:00,33.39,18.13,Mutsu01,1.7405E+12,Temp,MUTS-Dining
00246B0005DF,2025-02-26 01:00:40+09:00,43.52,13.5,Mutsu01,1.7405E+12,Temp,MUTS-Flower
00246B0006A7,2025-02-26 01:00:40+09:00,43.63,14.14,Mutsu01,1.7405E+12,Temp,MUTS-Flower
AC233FA3D9EC,2025-02-26 01:03:02+09:00,34.09765625,18.6796875,Mutsu01,1.7405E+12,Temp,MUTS-Dining
AC233FA3D95B,2025-02-26 01:03:08+09:00,37.546875,17.30859375,Mutsu01,1.7405E+12,Temp,MUTS-Dining
00246B0006B1,2025-02-26 01:03:31+09:00,45.43,14.28,Mutsu01,1.7405E+12,Temp,MUTS-Flower
00246B0005E9,2025-02-26 01:03:31+09:00,42.99,14.29,Mutsu01,1.7405E+12,Temp,MUTS-Flower
00246B00064D,2025-02-26 01:03:32+09:00,39.64,13.32,Mutsu01,1.7405E+12,Temp,MUTS-Flower
E3B1ED,2025-02-26 01:03:34+09:00,33.48,20.04,Mutsu01,1.7405E+12,Temp,MUTS-Rest
F5A6CD,2025-02-26 01:03:35+09:00,34.15,18.28,Mutsu01,1.7405E+12,Temp,MUTS-Dining
C6799D,2025-02-26 01:03:37+09:00,33.23,18.12,Mutsu01,1.7405E+12,Temp,MUTS-Dining
00246B0005DF,2025-02-26 01:03:40+09:00,43.46,13.49,Mutsu01,1.7405E+12,Temp,MUTS-Flower
00246B0006A7,2025-02-26 01:03:40+09:00,43.61,14.15,Mutsu01,1.7405E+12,Temp,MUTS-Flower
AC233FA3D9EC,2025-02-26 01:06:02+09:00,34.13671875,18.6796875,Mutsu01,1.7405E+12,Temp,MUTS-Dining
AC233FA3D95B,2025-02-26 01:06:08+09:00,37.55859375,17.30859375,Mutsu01,1.7405E+12,Temp,MUTS-Dining
00246B0006B1,2025-02-26 01:06:31+09:00,45.4,14.27,Mutsu01,1.7405E+12,Temp,MUTS-Flower
00246B0005E9,2025-02-26 01:06:31+09:00,42.99,14.28,Mutsu01,1.7405E+12,Temp,MUTS-Flower
00246B00064D,2025-02-26 01:06:32+09:00,39.64,13.33,Mutsu01,1.7405E+12,Temp,MUTS-Flower
E3B1ED,2025-02-26 01:06:33+09:00,33.49,19.96,Mutsu01,1.7405E+12,Temp,MUTS-Rest
F5A6CD,2025-02-26 01:06:35+09:00,34.03,18.28,Mutsu01,1.7405E+12,Temp,MUTS-Dining
C6799D,2025-02-26 01:06:37+09:00,33.23,18.14,Mutsu01,1.7405E+12,Temp,MUTS-Dining
00246B0005DF,2025-02-26 01:06:40+09:00,43.59,13.51,Mutsu01,1.7405E+12,Temp,MUTS-Flower
00246B0006A7,2025-02-26 01:06:40+09:00,43.59,14.15,Mutsu01,1.7405E+12,Temp,MUTS-Flower
AC233FA3D9EC,2025-02-26 01:09:02+09:00,34.15625,18.66796875,Mutsu01,1.7405E+12,Temp,MUTS-Dining
AC233FA3D95B,2025-02-26 01:09:09+09:00,37.58984375,17.30859375,Mutsu01,1.7405E+12,Temp,MUTS-Dining
00246B0006B1,2025-02-26 01:09:31+09:00,45.51,14.24,Mutsu01,1.7405E+12,Temp,MUTS-Flower
00246B0005E9,2025-02-26 01:09:31+09:00,42.92,14.29,Mutsu01,1.7405E+12,Temp,MUTS-Flower
00246B00064D,2025-02-26 01:09:32+09:00,39.58,13.32,Mutsu01,1.7405E+12,Temp,MUTS-Flower
E3B1ED,2025-02-26 01:09:34+09:00,33.55,20,Mutsu01,1.7405E+12,Temp,MUTS-Rest
F5A6CD,2025-02-26 01:09:35+09:00,34.18,18.29,Mutsu01,1.7405E+12,Temp,MUTS-Dining
C6799D,2025-02-26 01:09:37+09:00,33.33,18.12,Mutsu01,1.7405E+12,Temp,MUTS-Dining
00246B0005DF,2025-02-26 01:09:40+09:00,43.6,13.51,Mutsu01,1.7405E+12,Temp,MUTS-Flower
00246B0006A7,2025-02-26 01:09:40+09:00,43.59,14.17,Mutsu01,1.7405E+12,Temp,MUTS-Flower
AC233FA3D9EC,2025-02-26 01:12:02+09:00,34.16796875,18.65625,Mutsu01,1.7405E+12,Temp,MUTS-Dining
AC233FA3D95B,2025-02-26 01:12:09+09:00,37.59765625,17.296875,Mutsu01,1.7405E+12,Temp,MUTS-Dining
00246B0006B1,2025-02-26 01:12:31+09:00,45.5,14.23,Mutsu01,1.7405E+12,Temp,MUTS-Flower
00246B0005E9,2025-02-26 01:12:31+09:00,42.96,14.31,Mutsu01,1.7405E+12,Temp,MUTS-Flower
00246B00064D,2025-02-26 01:12:32+09:00,39.6,13.34,Mutsu01,1.7405E+12,Temp,MUTS-Flower
E3B1ED,2025-02-26 01:12:34+09:00,33.55,19.97,Mutsu01,1.7405E+12,Temp,MUTS-Rest
F5A6CD,2025-02-26 01:12:35+09:00,34.11,18.28,Mutsu01,1.7405E+12,Temp,MUTS-Dining
C6799D,2025-02-26 01:12:37+09:00,33.42,18.08,Mutsu01,1.7405E+12,Temp,MUTS-Dining
00246B0005DF,2025-02-26 01:12:40+09:00,43.6,13.49,Mutsu01,1.7405E+12,Temp,MUTS-Flower
00246B0006A7,2025-02-26 01:12:40+09:00,43.61,14.14,Mutsu01,1.7405E+12,Temp,MUTS-Flower
AC233FA3D9EC,2025-02-26 01:15:02+09:00,34.21875,18.62890625,Mutsu01,1.7405E+12,Temp,MUTS-Dining
AC233FA3D95B,2025-02-26 01:15:09+09:00,37.59765625,17.296875,Mutsu01,1.7405E+12,Temp,MUTS-Dining
00246B0006B1,2025-02-26 01:15:31+09:00,45.47,14.24,Mutsu01,1.7405E+12,Temp,MUTS-Flower
00246B0005E9,2025-02-26 01:15:31+09:00,43,14.28,Mutsu01,1.7405E+12,Temp,MUTS-Flower
00246B00064D,2025-02-26 01:15:32+09:00,39.58,13.29,Mutsu01,1.7405E+12,Temp,MUTS-Flower
E3B1ED,2025-02-26 01:15:34+09:00,33.52,19.94,Mutsu01,1.7405E+12,Temp,MUTS-Rest
F5A6CD,2025-02-26 01:15:35+09:00,34.04,18.29,Mutsu01,1.7405E+12,Temp,MUTS-Dining
C6799D,2025-02-26 01:15:37+09:00,33.28,18.07,Mutsu01,1.7405E+12,Temp,MUTS-Dining
00246B0005DF,2025-02-26 01:15:40+09:00,43.68,13.51,Mutsu01,1.7405E+12,Temp,MUTS-Flower
00246B0006A7,2025-02-26 01:15:40+09:00,43.56,14.11,Mutsu01,1.7405E+12,Temp,MUTS-Flower
AC233FA3D9EC,2025-02-26 01:18:02+09:00,34.21875,18.63671875,Mutsu01,1.7405E+12,Temp,MUTS-Dining
AC233FA3D95B,2025-02-26 01:18:09+09:00,37.6171875,17.2890625,Mutsu01,1.7405E+12,Temp,MUTS-Dining
00246B0006B1,2025-02-26 01:18:31+09:00,45.48,14.2,Mutsu01,1.7405E+12,Temp,MUTS-Flower
00246B0005E9,2025-02-26 01:18:31+09:00,43.05,14.3,Mutsu01,1.7405E+12,Temp,MUTS-Flower
00246B00064D,2025-02-26 01:18:32+09:00,39.64,13.34,Mutsu01,1.7405E+12,Temp,MUTS-Flower
E3B1ED,2025-02-26 01:18:34+09:00,33.55,19.89,Mutsu01,1.7405E+12,Temp,MUTS-Rest
F5A6CD,2025-02-26 01:18:35+09:00,34.12,18.27,Mutsu01,1.7405E+12,Temp,MUTS-Dining
C6799D,2025-02-26 01:18:37+09:00,33.27,18.13,Mutsu01,1.7405E+12,Temp,MUTS-Dining
00246B0005DF,2025-02-26 01:18:40+09:00,43.51,13.47,Mutsu01,1.7405E+12,Temp,MUTS-Flower
00246B0006A7,2025-02-26 01:18:40+09:00,43.55,14.1,Mutsu01,1.7405E+12,Temp,MUTS-Flower
AC233FA3D9EC,2025-02-26 01:21:02+09:00,34.23828125,18.62890625,Mutsu01,1.7405E+12,Temp,MUTS-Dining
AC233FA3D95B,2025-02-26 01:21:09+09:00,37.6171875,17.296875,Mutsu01,1.7405E+12,Temp,MUTS-Dining
00246B0006B1,2025-02-26 01:21:31+09:00,45.46,14.2,Mutsu01,1.7405E+12,Temp,MUTS-Flower
00246B0005E9,2025-02-26 01:21:31+09:00,42.95,14.26,Mutsu01,1.7405E+12,Temp,MUTS-Flower
00246B00064D,2025-02-26 01:21:32+09:00,39.57,13.34,Mutsu01,1.7405E+12,Temp,MUTS-Flower
E3B1ED,2025-02-26 01:21:33+09:00,33.49,19.87,Mutsu01,1.7405E+12,Temp,MUTS-Rest
F5A6CD,2025-02-26 01:21:35+09:00,34.14,18.27,Mutsu01,1.7405E+12,Temp,MUTS-Dining
C6799D,2025-02-26 01:21:36+09:00,33.37,18.1,Mutsu01,1.7405E+12,Temp,MUTS-Dining
00246B0005DF,2025-02-26 01:21:40+09:00,43.6,13.49,Mutsu01,1.7405E+12,Temp,MUTS-Flower
00246B0006A7,2025-02-26 01:21:40+09:00,43.69,14.11,Mutsu01,1.7405E+12,Temp,MUTS-Flower
AC233FA3D9EC,2025-02-26 01:24:02+09:00,34.26953125,18.609375,Mutsu01,1.7405E+12,Temp,MUTS-Dining
AC233FA3D95B,2025-02-26 01:24:09+09:00,37.59765625,17.2890625,Mutsu01,1.7405E+12,Temp,MUTS-Dining
00246B0006B1,2025-02-26 01:24:31+09:00,45.47,14.22,Mutsu01,1.7405E+12,Temp,MUTS-Flower
00246B0005E9,2025-02-26 01:24:31+09:00,42.97,14.25,Mutsu01,1.7405E+12,Temp,MUTS-Flower
00246B00064D,2025-02-26 01:24:32+09:00,39.59,13.31,Mutsu01,1.7405E+12,Temp,MUTS-Flower
E3B1ED,2025-02-26 01:24:34+09:00,33.51,19.83,Mutsu01,1.7405E+12,Temp,MUTS-Rest
F5A6CD,2025-02-26 01:24:35+09:00,34.07,18.29,Mutsu01,1.7405E+12,Temp,MUTS-Dining
C6799D,2025-02-26 01:24:37+09:00,33.38,18.09,Mutsu01,1.7405E+12,Temp,MUTS-Dining
00246B0005DF,2025-02-26 01:24:40+09:00,43.57,13.45,Mutsu01,1.7405E+12,Temp,MUTS-Flower
00246B0006A7,2025-02-26 01:24:40+09:00,43.56,14.11,Mutsu01,1.7405E+12,Temp,MUTS-Flower
AC233FA3D9EC,2025-02-26 01:27:02+09:00,34.27734375,18.609375,Mutsu01,1.7405E+12,Temp,MUTS-Dining
AC233FA3D95B,2025-02-26 01:27:10+09:00,37.63671875,17.2890625,Mutsu01,1.7405E+12,Temp,MUTS-Dining
00246B0006B1,2025-02-26 01:27:31+09:00,45.48,14.18,Mutsu01,1.7405E+12,Temp,MUTS-Flower
00246B0005E9,2025-02-26 01:27:31+09:00,43.02,14.25,Mutsu01,1.7405E+12,Temp,MUTS-Flower
00246B00064D,2025-02-26 01:27:32+09:00,39.52,13.36,Mutsu01,1.7405E+12,Temp,MUTS-Flower
E3B1ED,2025-02-26 01:27:34+09:00,33.52,19.85,Mutsu01,1.7405E+12,Temp,MUTS-Rest
F5A6CD,2025-02-26 01:27:35+09:00,34.02,18.29,Mutsu01,1.7405E+12,Temp,MUTS-Dining
C6799D,2025-02-26 01:27:36+09:00,33.29,18.09,Mutsu01,1.7405E+12,Temp,MUTS-Dining
00246B0005DF,2025-02-26 01:27:40+09:00,43.6,13.45,Mutsu01,1.7405E+12,Temp,MUTS-Flower
00246B0006A7,2025-02-26 01:27:40+09:00,43.51,14.09,Mutsu01,1.7405E+12,Temp,MUTS-Flower
AC233FA3D9EC,2025-02-26 01:30:03+09:00,34.30859375,18.609375,Mutsu01,1.7405E+12,Temp,MUTS-Dining
AC233FA3D95B,2025-02-26 01:30:10+09:00,37.66796875,17.27734375,Mutsu01,1.7405E+12,Temp,MUTS-Dining
00246B0006B1,2025-02-26 01:30:31+09:00,45.51,14.21,Mutsu01,1.7405E+12,Temp,MUTS-Flower
00246B0005E9,2025-02-26 01:30:31+09:00,43.03,14.28,Mutsu01,1.7405E+12,Temp,MUTS-Flower
